Country,Year,Internet users per 100 people,,,,,,,,
Iceland,1990,0.0,,,,,,,,
Luxembourg,1990,0.0,,,,,,,,
Andorra,1990,0.0,,,,,,,,
Norway,1990,.7,,,,,,,,
Liechtenstein,1990,0.0,,,,,,,,
Denmark,1990,.1,,,,,,,,
Bahrain,1990,0.0,,,,,,,,
Monaco,1990,0.0,,,,,,,,
Japan,1990,.0,,,,,,,,
Netherlands,1990,.3,,,,,,,,
Qatar,1990,0.0,,,,,,,,
Finland,1990,.4,,,,,,,,
United Kingdom,1990,.1,,,,,,,,
United Arab Emirates,1990,0.0,,,,,,,,
Sweden,1990,.6,,,,,,,,
Korea,1990,.0,,,,,,,,
Canada,1990,.4,,,,,,,,
Estonia,1990,0.0,,,,,,,,
New Zealand,1990,0.0,,,,,,,,
Switzerland,1990,.6,,,,,,,,
Germany,1990,.1,,,,,,,,
Belgium,1990,.0,,,,,,,,
Slovak Republic,1990,0.0,,,,,,,,
"Hong Kong SAR, China",1990,0.0,,,,,,,,
France,1990,.1,,,,,,,,
Australia,1990,.6,,,,,,,,
Austria,1990,.1,,,,,,,,
Singapore,1990,0.0,,,,,,,,
Kuwait,1990,0.0,,,,,,,,
Czech Republic,1990,0.0,,,,,,,,
Ireland,1990,0.0,,,,,,,,
Latvia,1990,0.0,,,,,,,,
Israel,1990,.1,,,,,,,,
Spain,1990,.0,,,,,,,,
The Bahamas,1990,0.0,,,,,,,,
"Macao SAR, China",1990,0.0,,,,,,,,
Azerbaijan,1990,0.0,,,,,,,,
Malta,1990,0.0,,,,,,,,
Barbados,1990,0.0,,,,,,,,
St. Kitts and Nevis,1990,0.0,,,,,,,,
United States,1990,.8,,,,,,,,
Oman,1990,0.0,,,,,,,,
Lebanon,1990,0.0,,,,,,,,
Russia,1990,0.0,,,,,,,,
Slovenia,1990,0.0,,,,,,,,
Kazakhstan,1990,0.0,,,,,,,,
Hungary,1990,0.0,,,,,,,,
Cyprus,1990,0.0,,,,,,,,
Lithuania,1990,0.0,,,,,,,,
Brunei,1990,0.0,,,,,,,,
Malaysia,1990,0.0,,,,,,,,
Macedonia,1990,0.0,,,,,,,,
Croatia,1990,0.0,,,,,,,,
Saudi Arabia,1990,0.0,,,,,,,,
Argentina,1990,0.0,,,,,,,,
Trinidad and Tobago,1990,0.0,,,,,,,,
Portugal,1990,0.0,,,,,,,,
Poland,1990,0.0,,,,,,,,
Dominica,1990,0.0,,,,,,,,
Greece,1990,0.0,,,,,,,,
Italy,1990,.0,,,,,,,,
Serbia,1990,,,,,,,,,
Antigua and Barbuda,1990,0.0,,,,,,,,
Bosnia and Herzegovina,1990,0.0,,,,,,,,
Uruguay,1990,0.0,,,,,,,,
Montenegro,1990,,,,,,,,,
Chile,1990,0.0,,,,,,,,
Albania,1990,0.0,,,,,,,,
Belarus,1990,0.0,,,,,,,,
Venezuela,1990,0.0,,,,,,,,
Costa Rica,1990,0.0,,,,,,,,
Brazil,1990,0.0,,,,,,,,
Armenia,1990,0.0,,,,,,,,
Seychelles,1990,0.0,,,,,,,,
Mexico,1990,0.0,,,,,,,,
West Bank and Gaza,1990,0.0,,,,,,,,
Morocco,1990,0.0,,,,,,,,
Bulgaria,1990,0.0,,,,,,,,
Colombia,1990,0.0,,,,,,,,
Romania,1990,0.0,,,,,,,,
Maldives,1990,0.0,,,,,,,,
Grenada,1990,0.0,,,,,,,,
Turkey,1990,0.0,,,,,,,,
Jordan,1990,0.0,,,,,,,,
Vietnam,1990,0.0,,,,,,,,
St. Lucia,1990,0.0,,,,,,,,
Dominican Republic,1990,0.0,,,,,,,,
South Africa,1990,0.0,,,,,,,,
St. Vincent and the Grenadines,1990,0.0,,,,,,,,
Panama,1990,0.0,,,,,,,,
China,1990,0.0,,,,,,,,
Mauritius,1990,0.0,,,,,,,,
Moldova,1990,0.0,,,,,,,,
Ukraine,1990,0.0,,,,,,,,
Ecuador,1990,0.0,,,,,,,,
Tunisia,1990,0.0,,,,,,,,
Nigeria,1990,0.0,,,,,,,,
Fiji,1990,0.0,,,,,,,,
Kenya,1990,0.0,,,,,,,,
Georgia,1990,0.0,,,,,,,,
Bolivia,1990,0.0,,,,,,,,
Tonga,1990,0.0,,,,,,,,
Paraguay,1990,0.0,,,,,,,,
Iran,1990,0.0,,,,,,,,
Jamaica,1990,0.0,,,,,,,,
Cabo Verde,1990,0.0,,,,,,,,
Uzbekistan,1990,0.0,,,,,,,,
Suriname,1990,0.0,,,,,,,,
Tuvalu,1990,0.0,,,,,,,,
Belize,1990,0.0,,,,,,,,
Peru,1990,0.0,,,,,,,,
Philippines,1990,0.0,,,,,,,,
Bhutan,1990,0.0,,,,,,,,
Thailand,1990,0.0,,,,,,,,
Guyana,1990,0.0,,,,,,,,
Algeria,1990,0.0,,,,,,,,
Egypt,1990,0.0,,,,,,,,
Micronesia,1990,0.0,,,,,,,,
Cuba,1990,0.0,,,,,,,,
Swaziland,1990,0.0,,,,,,,,
Kyrgyz Republic,1990,0.0,,,,,,,,
Sri Lanka,1990,0.0,,,,,,,,
Syrian Arab Republic,1990,0.0,,,,,,,,
Botswana,1990,0.0,,,,,,,,
Guatemala,1990,0.0,,,,,,,,
El Salvador,1990,0.0,,,,,,,,
Sudan,1990,0.0,,,,,,,,
India,1990,0.0,,,,,,,,
São Tomé and Principe,1990,0.0,,,,,,,,
Samoa,1990,0.0,,,,,,,,
Yemen,1990,0.0,,,,,,,,
Gabon,1990,0.0,,,,,,,,
Ghana,1990,0.0,,,,,,,,
Vanuatu,1990,0.0,,,,,,,,
Namibia,1990,0.0,,,,,,,,
Indonesia,1990,0.0,,,,,,,,
Myanmar,1990,0.0,,,,,,,,
Senegal,1990,0.0,,,,,,,,
Mongolia,1990,0.0,,,,,,,,
Equatorial Guinea,1990,0.0,,,,,,,,
Zambia,1990,0.0,,,,,,,,
Côte d'Ivoire,1990,0.0,,,,,,,,
Cameroon,1990,0.0,,,,,,,,
Honduras,1990,0.0,,,,,,,,
Nicaragua,1990,0.0,,,,,,,,
Marshall Islands,1990,0.0,,,,,,,,
Uganda,1990,0.0,,,,,,,,
Libya,1990,0.0,,,,,,,,
Cambodia,1990,0.0,,,,,,,,
Tajikistan,1990,0.0,,,,,,,,
Lao PDR,1990,0.0,,,,,,,,
Rwanda,1990,0.0,,,,,,,,
Pakistan,1990,0.0,,,,,,,,
South Sudan,1990,,,,,,,,,
Nepal,1990,0.0,,,,,,,,
Iraq,1990,0.0,,,,,,,,
The Gambia,1990,0.0,,,,,,,,
Zimbabwe,1990,0.0,,,,,,,,
Lesotho,1990,0.0,,,,,,,,
Mauritania,1990,0.0,,,,,,,,
Turkmenistan,1990,0.0,,,,,,,,
Bangladesh,1990,0.0,,,,,,,,
Timor-Leste,1990,0.0,,,,,,,,
Kiribati,1990,0.0,,,,,,,,
Angola,1990,0.0,,,,,,,,
Haiti,1990,0.0,,,,,,,,
Djibouti,1990,0.0,,,,,,,,
Ethiopia,1990,0.0,,,,,,,,
Burkina Faso,1990,0.0,,,,,,,,
Mali,1990,0.0,,,,,,,,
Solomon Islands,1990,0.0,,,,,,,,
Malawi,1990,0.0,,,,,,,,
Mozambique,1990,0.0,,,,,,,,
Afghanistan,1990,0.0,,,,,,,,
Papua New Guinea,1990,0.0,,,,,,,,
Congo,1990,0.0,,,,,,,,
Comoros,1990,0.0,,,,,,,,
Togo,1990,0.0,,,,,,,,
Benin,1990,0.0,,,,,,,,
Liberia,1990,0.0,,,,,,,,
Tanzania,1990,0.0,,,,,,,,
Burundi,1990,0.0,,,,,,,,
Guinea,1990,0.0,,,,,,,,
Central African Republic,1990,0.0,,,,,,,,
Madagascar,1990,0.0,,,,,,,,
Dem. Rep. Congo,1990,0.0,,,,,,,,
Guinea-Bissau,1990,0.0,,,,,,,,
Chad,1990,0.0,,,,,,,,
Sierra Leone,1990,0.0,,,,,,,,
Niger,1990,0.0,,,,,,,,
Somalia,1990,0.0,,,,,,,,
Eritrea,1990,0.0,,,,,,,,
Dem. People's Rep. Korea,1990,0.0,,,,,,,,
Nauru,1990,0.0,,,,,,,,
San Marino,1990,0.0,,,,,,,,
Palau,1990,0.0,,,,,,,,
Iceland,2000,44.5,,,,,,,,
Luxembourg,2000,22.9,,,,,,,,
Andorra,2000,10.5,,,,,,,,
Norway,2000,52.0,,,,,,,,
Liechtenstein,2000,36.5,,,,,,,,
Denmark,2000,39.2,,,,,,,,
Bahrain,2000,6.2,,,,,,,,
Monaco,2000,42.2,,,,,,,,
Japan,2000,30.0,,,,,,,,
Netherlands,2000,44.0,,,,,,,,
Qatar,2000,4.9,,,,,,,,
Finland,2000,37.2,,,,,,,,
United Kingdom,2000,26.8,,,,,,,,
United Arab Emirates,2000,23.6,,,,,,,,
Sweden,2000,45.7,,,,,,,,
Korea,2000,44.7,,,,,,,,
Canada,2000,51.3,,,,,,,,
Estonia,2000,28.6,,,,,,,,
New Zealand,2000,47.4,,,,,,,,
Switzerland,2000,47.1,,,,,,,,
Germany,2000,30.2,,,,,,,,
Belgium,2000,29.4,,,,,,,,
Slovak Republic,2000,9.4,,,,,,,,
"Hong Kong SAR, China",2000,27.8,,,,,,,,
France,2000,14.3,,,,,,,,
Australia,2000,46.8,,,,,,,,
Austria,2000,33.7,,,,,,,,
Singapore,2000,36.0,,,,,,,,
Kuwait,2000,6.7,,,,,,,,
Czech Republic,2000,9.8,,,,,,,,
Ireland,2000,17.9,,,,,,,,
Latvia,2000,6.3,,,,,,,,
Israel,2000,20.9,,,,,,,,
Spain,2000,13.6,,,,,,,,
The Bahamas,2000,8.0,,,,,,,,
"Macao SAR, China",2000,13.6,,,,,,,,
Azerbaijan,2000,.1,,,,,,,,
Malta,2000,13.1,,,,,,,,
Barbados,2000,4.0,,,,,,,,
St. Kitts and Nevis,2000,5.9,,,,,,,,
United States,2000,43.1,,,,,,,,
Oman,2000,3.5,,,,,,,,
Lebanon,2000,8.0,,,,,,,,
Russia,2000,2.0,,,,,,,,
Slovenia,2000,15.1,,,,,,,,
Kazakhstan,2000,.7,,,,,,,,
Hungary,2000,7.0,,,,,,,,
Cyprus,2000,15.3,,,,,,,,
Lithuania,2000,6.4,,,,,,,,
Brunei,2000,9.0,,,,,,,,
Malaysia,2000,21.4,,,,,,,,
Macedonia,2000,2.5,,,,,,,,
Croatia,2000,6.6,,,,,,,,
Saudi Arabia,2000,2.2,,,,,,,,
Argentina,2000,7.0,,,,,,,,
Trinidad and Tobago,2000,7.7,,,,,,,,
Portugal,2000,16.4,,,,,,,,
Poland,2000,7.3,,,,,,,,
Dominica,2000,8.8,,,,,,,,
Greece,2000,9.1,,,,,,,,
Italy,2000,23.1,,,,,,,,
Serbia,2000,,,,,,,,,
Antigua and Barbuda,2000,6.5,,,,,,,,
Bosnia and Herzegovina,2000,1.1,,,,,,,,
Uruguay,2000,10.5,,,,,,,,
Montenegro,2000,,,,,,,,,
Chile,2000,16.6,,,,,,,,
Albania,2000,.1,,,,,,,,
Belarus,2000,1.9,,,,,,,,
Venezuela,2000,3.4,,,,,,,,
Costa Rica,2000,5.8,,,,,,,,
Brazil,2000,2.9,,,,,,,,
Armenia,2000,1.3,,,,,,,,
Seychelles,2000,7.4,,,,,,,,
Mexico,2000,5.1,,,,,,,,
West Bank and Gaza,2000,1.1,,,,,,,,
Morocco,2000,.7,,,,,,,,
Bulgaria,2000,5.4,,,,,,,,
Colombia,2000,2.2,,,,,,,,
Romania,2000,3.6,,,,,,,,
Maldives,2000,2.2,,,,,,,,
Grenada,2000,4.1,,,,,,,,
Turkey,2000,3.8,,,,,,,,
Jordan,2000,2.6,,,,,,,,
Vietnam,2000,.3,,,,,,,,
St. Lucia,2000,5.1,,,,,,,,
Dominican Republic,2000,3.7,,,,,,,,
South Africa,2000,5.3,,,,,,,,
St. Vincent and the Grenadines,2000,3.2,,,,,,,,
Panama,2000,6.6,,,,,,,,
China,2000,1.8,,,,,,,,
Mauritius,2000,7.3,,,,,,,,
Moldova,2000,1.3,,,,,,,,
Ukraine,2000,.7,,,,,,,,
Ecuador,2000,1.5,,,,,,,,
Tunisia,2000,2.8,,,,,,,,
Nigeria,2000,.1,,,,,,,,
Fiji,2000,1.5,,,,,,,,
Kenya,2000,.3,,,,,,,,
Georgia,2000,.5,,,,,,,,
Bolivia,2000,1.4,,,,,,,,
Tonga,2000,2.4,,,,,,,,
Paraguay,2000,.7,,,,,,,,
Iran,2000,.9,,,,,,,,
Jamaica,2000,3.1,,,,,,,,
Cabo Verde,2000,1.8,,,,,,,,
Uzbekistan,2000,.5,,,,,,,,
Suriname,2000,2.5,,,,,,,,
Tuvalu,2000,5.2,,,,,,,,
Belize,2000,6.0,,,,,,,,
Peru,2000,3.1,,,,,,,,
Philippines,2000,2.0,,,,,,,,
Bhutan,2000,.4,,,,,,,,
Thailand,2000,3.7,,,,,,,,
Guyana,2000,6.6,,,,,,,,
Algeria,2000,.5,,,,,,,,
Egypt,2000,.6,,,,,,,,
Micronesia,2000,3.7,,,,,,,,
Cuba,2000,.5,,,,,,,,
Swaziland,2000,.9,,,,,,,,
Kyrgyz Republic,2000,1.0,,,,,,,,
Sri Lanka,2000,.6,,,,,,,,
Syrian Arab Republic,2000,.2,,,,,,,,
Botswana,2000,2.9,,,,,,,,
Guatemala,2000,.7,,,,,,,,
El Salvador,2000,1.2,,,,,,,,
Sudan,2000,.0,,,,,,,,
India,2000,.5,,,,,,,,
São Tomé and Principe,2000,4.6,,,,,,,,
Samoa,2000,.6,,,,,,,,
Yemen,2000,.1,,,,,,,,
Gabon,2000,1.2,,,,,,,,
Ghana,2000,.2,,,,,,,,
Vanuatu,2000,2.1,,,,,,,,
Namibia,2000,1.6,,,,,,,,
Indonesia,2000,.9,,,,,,,,
Myanmar,2000,,,,,,,,,
Senegal,2000,.4,,,,,,,,
Mongolia,2000,1.3,,,,,,,,
Equatorial Guinea,2000,.1,,,,,,,,
Zambia,2000,.2,,,,,,,,
Côte d'Ivoire,2000,.2,,,,,,,,
Cameroon,2000,.3,,,,,,,,
Honduras,2000,1.2,,,,,,,,
Nicaragua,2000,1.0,,,,,,,,
Marshall Islands,2000,1.5,,,,,,,,
Uganda,2000,.2,,,,,,,,
Libya,2000,.2,,,,,,,,
Cambodia,2000,.0,,,,,,,,
Tajikistan,2000,.0,,,,,,,,
Lao PDR,2000,.1,,,,,,,,
Rwanda,2000,.1,,,,,,,,
Pakistan,2000,,,,,,,,,
South Sudan,2000,,,,,,,,,
Nepal,2000,.2,,,,,,,,
Iraq,2000,,,,,,,,,
The Gambia,2000,.9,,,,,,,,
Zimbabwe,2000,.4,,,,,,,,
Lesotho,2000,.2,,,,,,,,
Mauritania,2000,.2,,,,,,,,
Turkmenistan,2000,.1,,,,,,,,
Bangladesh,2000,.1,,,,,,,,
Timor-Leste,2000,,,,,,,,,
Kiribati,2000,1.8,,,,,,,,
Angola,2000,.1,,,,,,,,
Haiti,2000,.2,,,,,,,,
Djibouti,2000,.2,,,,,,,,
Ethiopia,2000,.0,,,,,,,,
Burkina Faso,2000,.1,,,,,,,,
Mali,2000,.1,,,,,,,,
Solomon Islands,2000,.5,,,,,,,,
Malawi,2000,.1,,,,,,,,
Mozambique,2000,.1,,,,,,,,
Afghanistan,2000,,,,,,,,,
Papua New Guinea,2000,.8,,,,,,,,
Congo,2000,.0,,,,,,,,
Comoros,2000,.3,,,,,,,,
Togo,2000,.8,,,,,,,,
Benin,2000,.2,,,,,,,,
Liberia,2000,.0,,,,,,,,
Tanzania,2000,.1,,,,,,,,
Burundi,2000,.1,,,,,,,,
Guinea,2000,.1,,,,,,,,
Central African Republic,2000,.1,,,,,,,,
Madagascar,2000,.2,,,,,,,,
Dem. Rep. Congo,2000,.0,,,,,,,,
Guinea-Bissau,2000,.2,,,,,,,,
Chad,2000,.0,,,,,,,,
Sierra Leone,2000,.1,,,,,,,,
Niger,2000,.0,,,,,,,,
Somalia,2000,.0,,,,,,,,
Eritrea,2000,.1,,,,,,,,
Dem. People's Rep. Korea,2000,0.0,,,,,,,,
Nauru,2000,,,,,,,,,
San Marino,2000,48.8,,,,,,,,
Palau,2000,,,,,,,,,
Iceland,2005,87.0,,,,,,,,
Luxembourg,2005,70.0,,,,,,,,
Andorra,2005,37.6,,,,,,,,
Norway,2005,82.0,,,,,,,,
Liechtenstein,2005,63.4,,,,,,,,
Denmark,2005,82.7,,,,,,,,
Bahrain,2005,21.3,,,,,,,,
Monaco,2005,55.5,,,,,,,,
Japan,2005,66.9,,,,,,,,
Netherlands,2005,81.0,,,,,,,,
Qatar,2005,24.7,,,,,,,,
Finland,2005,74.5,,,,,,,,
United Kingdom,2005,70.0,,,,,,,,
United Arab Emirates,2005,40.0,,,,,,,,
Sweden,2005,84.8,,,,,,,,
Korea,2005,73.5,,,,,,,,
Canada,2005,71.7,,,,,,,,
Estonia,2005,61.5,,,,,,,,
New Zealand,2005,62.7,,,,,,,,
Switzerland,2005,70.1,,,,,,,,
Germany,2005,68.7,,,,,,,,
Belgium,2005,55.8,,,,,,,,
Slovak Republic,2005,55.2,,,,,,,,
"Hong Kong SAR, China",2005,56.9,,,,,,,,
France,2005,42.9,,,,,,,,
Australia,2005,63.0,,,,,,,,
Austria,2005,58.0,,,,,,,,
Singapore,2005,61.0,,,,,,,,
Kuwait,2005,25.9,,,,,,,,
Czech Republic,2005,35.3,,,,,,,,
Ireland,2005,41.6,,,,,,,,
Latvia,2005,46.0,,,,,,,,
Israel,2005,25.2,,,,,,,,
Spain,2005,47.9,,,,,,,,
The Bahamas,2005,25.0,,,,,,,,
"Macao SAR, China",2005,34.9,,,,,,,,
Azerbaijan,2005,8.0,,,,,,,,
Malta,2005,41.2,,,,,,,,
Barbados,2005,52.5,,,,,,,,
St. Kitts and Nevis,2005,34.0,,,,,,,,
United States,2005,68.0,,,,,,,,
Oman,2005,6.7,,,,,,,,
Lebanon,2005,10.1,,,,,,,,
Russia,2005,15.2,,,,,,,,
Slovenia,2005,46.8,,,,,,,,
Kazakhstan,2005,3.0,,,,,,,,
Hungary,2005,39.0,,,,,,,,
Cyprus,2005,32.8,,,,,,,,
Lithuania,2005,36.2,,,,,,,,
Brunei,2005,36.5,,,,,,,,
Malaysia,2005,48.6,,,,,,,,
Macedonia,2005,26.5,,,,,,,,
Croatia,2005,33.1,,,,,,,,
Saudi Arabia,2005,12.7,,,,,,,,
Argentina,2005,17.7,,,,,,,,
Trinidad and Tobago,2005,29.0,,,,,,,,
Portugal,2005,35.0,,,,,,,,
Poland,2005,38.8,,,,,,,,
Dominica,2005,38.5,,,,,,,,
Greece,2005,24.0,,,,,,,,
Italy,2005,35.0,,,,,,,,
Serbia,2005,26.3,,,,,,,,
Antigua and Barbuda,2005,27.0,,,,,,,,
Bosnia and Herzegovina,2005,21.3,,,,,,,,
Uruguay,2005,20.1,,,,,,,,
Montenegro,2005,27.1,,,,,,,,
Chile,2005,31.2,,,,,,,,
Albania,2005,6.0,,,,,,,,
Belarus,2005,,,,,,,,,
Venezuela,2005,12.6,,,,,,,,
Costa Rica,2005,22.1,,,,,,,,
Brazil,2005,21.0,,,,,,,,
Armenia,2005,5.3,,,,,,,,
Seychelles,2005,25.4,,,,,,,,
Mexico,2005,17.2,,,,,,,,
West Bank and Gaza,2005,16.0,,,,,,,,
Morocco,2005,15.1,,,,,,,,
Bulgaria,2005,20.0,,,,,,,,
Colombia,2005,11.0,,,,,,,,
Romania,2005,21.5,,,,,,,,
Maldives,2005,6.9,,,,,,,,
Grenada,2005,20.5,,,,,,,,
Turkey,2005,15.5,,,,,,,,
Jordan,2005,12.9,,,,,,,,
Vietnam,2005,12.7,,,,,,,,
St. Lucia,2005,21.6,,,,,,,,
Dominican Republic,2005,11.5,,,,,,,,
South Africa,2005,7.5,,,,,,,,
St. Vincent and the Grenadines,2005,9.2,,,,,,,,
Panama,2005,11.5,,,,,,,,
China,2005,8.5,,,,,,,,
Mauritius,2005,15.2,,,,,,,,
Moldova,2005,14.6,,,,,,,,
Ukraine,2005,3.7,,,,,,,,
Ecuador,2005,6.0,,,,,,,,
Tunisia,2005,9.7,,,,,,,,
Nigeria,2005,3.5,,,,,,,,
Fiji,2005,8.5,,,,,,,,
Kenya,2005,3.1,,,,,,,,
Georgia,2005,6.1,,,,,,,,
Bolivia,2005,5.2,,,,,,,,
Tonga,2005,4.9,,,,,,,,
Paraguay,2005,7.9,,,,,,,,
Iran,2005,8.1,,,,,,,,
Jamaica,2005,12.8,,,,,,,,
Cabo Verde,2005,6.1,,,,,,,,
Uzbekistan,2005,3.3,,,,,,,,
Suriname,2005,6.4,,,,,,,,
Tuvalu,2005,,,,,,,,,
Belize,2005,17.0,,,,,,,,
Peru,2005,17.1,,,,,,,,
Philippines,2005,5.4,,,,,,,,
Bhutan,2005,3.8,,,,,,,,
Thailand,2005,15.0,,,,,,,,
Guyana,2005,,,,,,,,,
Algeria,2005,5.8,,,,,,,,
Egypt,2005,12.8,,,,,,,,
Micronesia,2005,11.9,,,,,,,,
Cuba,2005,9.7,,,,,,,,
Swaziland,2005,3.7,,,,,,,,
Kyrgyz Republic,2005,10.5,,,,,,,,
Sri Lanka,2005,1.8,,,,,,,,
Syrian Arab Republic,2005,5.6,,,,,,,,
Botswana,2005,3.3,,,,,,,,
Guatemala,2005,5.7,,,,,,,,
El Salvador,2005,4.2,,,,,,,,
Sudan,2005,1.3,,,,,,,,
India,2005,2.4,,,,,,,,
São Tomé and Principe,2005,13.8,,,,,,,,
Samoa,2005,3.4,,,,,,,,
Yemen,2005,1.0,,,,,,,,
Gabon,2005,4.9,,,,,,,,
Ghana,2005,1.8,,,,,,,,
Vanuatu,2005,5.1,,,,,,,,
Namibia,2005,4.0,,,,,,,,
Indonesia,2005,3.6,,,,,,,,
Myanmar,2005,.1,,,,,,,,
Senegal,2005,4.8,,,,,,,,
Mongolia,2005,,,,,,,,,
Equatorial Guinea,2005,1.1,,,,,,,,
Zambia,2005,2.9,,,,,,,,
Côte d'Ivoire,2005,1.0,,,,,,,,
Cameroon,2005,1.4,,,,,,,,
Honduras,2005,6.5,,,,,,,,
Nicaragua,2005,2.6,,,,,,,,
Marshall Islands,2005,3.9,,,,,,,,
Uganda,2005,1.7,,,,,,,,
Libya,2005,3.9,,,,,,,,
Cambodia,2005,.3,,,,,,,,
Tajikistan,2005,.3,,,,,,,,
Lao PDR,2005,.9,,,,,,,,
Rwanda,2005,.6,,,,,,,,
Pakistan,2005,6.3,,,,,,,,
South Sudan,2005,,,,,,,,,
Nepal,2005,.8,,,,,,,,
Iraq,2005,.9,,,,,,,,
The Gambia,2005,3.8,,,,,,,,
Zimbabwe,2005,2.4,,,,,,,,
Lesotho,2005,2.6,,,,,,,,
Mauritania,2005,.7,,,,,,,,
Turkmenistan,2005,1.0,,,,,,,,
Bangladesh,2005,.2,,,,,,,,
Timor-Leste,2005,.1,,,,,,,,
Kiribati,2005,4.0,,,,,,,,
Angola,2005,1.1,,,,,,,,
Haiti,2005,6.4,,,,,,,,
Djibouti,2005,1.0,,,,,,,,
Ethiopia,2005,.2,,,,,,,,
Burkina Faso,2005,.5,,,,,,,,
Mali,2005,.5,,,,,,,,
Solomon Islands,2005,.8,,,,,,,,
Malawi,2005,.4,,,,,,,,
Mozambique,2005,.9,,,,,,,,
Afghanistan,2005,1.2,,,,,,,,
Papua New Guinea,2005,1.7,,,,,,,,
Congo,2005,1.5,,,,,,,,
Comoros,2005,2.0,,,,,,,,
Togo,2005,1.8,,,,,,,,
Benin,2005,1.3,,,,,,,,
Liberia,2005,,,,,,,,,
Tanzania,2005,1.1,,,,,,,,
Burundi,2005,.5,,,,,,,,
Guinea,2005,.5,,,,,,,,
Central African Republic,2005,.3,,,,,,,,
Madagascar,2005,.6,,,,,,,,
Dem. Rep. Congo,2005,.2,,,,,,,,
Guinea-Bissau,2005,1.9,,,,,,,,
Chad,2005,.4,,,,,,,,
Sierra Leone,2005,.2,,,,,,,,
Niger,2005,.2,,,,,,,,
Somalia,2005,1.1,,,,,,,,
Eritrea,2005,,,,,,,,,
Dem. People's Rep. Korea,2005,0.0,,,,,,,,
Nauru,2005,,,,,,,,,
San Marino,2005,50.3,,,,,,,,
Palau,2005,,,,,,,,,
Iceland,2010,93.4,,,,,,,,
Luxembourg,2010,90.6,,,,,,,,
Andorra,2010,81.0,,,,,,,,
Norway,2010,93.4,,,,,,,,
Liechtenstein,2010,80.0,,,,,,,,
Denmark,2010,88.7,,,,,,,,
Bahrain,2010,55.0,,,,,,,,
Monaco,2010,75.0,,,,,,,,
Japan,2010,78.2,,,,,,,,
Netherlands,2010,90.7,,,,,,,,
Qatar,2010,69.0,,,,,,,,
Finland,2010,86.9,,,,,,,,
United Kingdom,2010,85.0,,,,,,,,
United Arab Emirates,2010,68.0,,,,,,,,
Sweden,2010,90.0,,,,,,,,
Korea,2010,83.7,,,,,,,,
Canada,2010,80.3,,,,,,,,
Estonia,2010,74.1,,,,,,,,
New Zealand,2010,80.5,,,,,,,,
Switzerland,2010,83.9,,,,,,,,
Germany,2010,82.0,,,,,,,,
Belgium,2010,75.0,,,,,,,,
Slovak Republic,2010,75.7,,,,,,,,
"Hong Kong SAR, China",2010,72.0,,,,,,,,
France,2010,77.3,,,,,,,,
Australia,2010,76.0,,,,,,,,
Austria,2010,75.2,,,,,,,,
Singapore,2010,71.0,,,,,,,,
Kuwait,2010,61.4,,,,,,,,
Czech Republic,2010,68.8,,,,,,,,
Ireland,2010,69.9,,,,,,,,
Latvia,2010,68.4,,,,,,,,
Israel,2010,67.5,,,,,,,,
Spain,2010,65.8,,,,,,,,
The Bahamas,2010,43.0,,,,,,,,
"Macao SAR, China",2010,55.2,,,,,,,,
Azerbaijan,2010,46.0,,,,,,,,
Malta,2010,63.0,,,,,,,,
Barbados,2010,65.1,,,,,,,,
St. Kitts and Nevis,2010,63.0,,,,,,,,
United States,2010,71.7,,,,,,,,
Oman,2010,35.8,,,,,,,,
Lebanon,2010,43.7,,,,,,,,
Russia,2010,43.0,,,,,,,,
Slovenia,2010,70.0,,,,,,,,
Kazakhstan,2010,31.6,,,,,,,,
Hungary,2010,65.0,,,,,,,,
Cyprus,2010,53.0,,,,,,,,
Lithuania,2010,62.1,,,,,,,,
Brunei,2010,53.0,,,,,,,,
Malaysia,2010,56.3,,,,,,,,
Macedonia,2010,51.9,,,,,,,,
Croatia,2010,56.6,,,,,,,,
Saudi Arabia,2010,41.0,,,,,,,,
Argentina,2010,45.0,,,,,,,,
Trinidad and Tobago,2010,48.5,,,,,,,,
Portugal,2010,53.3,,,,,,,,
Poland,2010,62.3,,,,,,,,
Dominica,2010,47.5,,,,,,,,
Greece,2010,44.4,,,,,,,,
Italy,2010,53.7,,,,,,,,
Serbia,2010,40.9,,,,,,,,
Antigua and Barbuda,2010,47.0,,,,,,,,
Bosnia and Herzegovina,2010,42.8,,,,,,,,
Uruguay,2010,46.4,,,,,,,,
Montenegro,2010,37.5,,,,,,,,
Chile,2010,45.0,,,,,,,,
Albania,2010,45.0,,,,,,,,
Belarus,2010,31.8,,,,,,,,
Venezuela,2010,37.4,,,,,,,,
Costa Rica,2010,36.5,,,,,,,,
Brazil,2010,40.7,,,,,,,,
Armenia,2010,25.0,,,,,,,,
Seychelles,2010,41.0,,,,,,,,
Mexico,2010,31.1,,,,,,,,
West Bank and Gaza,2010,37.4,,,,,,,,
Morocco,2010,52.0,,,,,,,,
Bulgaria,2010,46.2,,,,,,,,
Colombia,2010,36.5,,,,,,,,
Romania,2010,39.9,,,,,,,,
Maldives,2010,26.5,,,,,,,,
Grenada,2010,27.0,,,,,,,,
Turkey,2010,39.8,,,,,,,,
Jordan,2010,27.2,,,,,,,,
Vietnam,2010,30.7,,,,,,,,
St. Lucia,2010,43.3,,,,,,,,
Dominican Republic,2010,31.4,,,,,,,,
South Africa,2010,24.0,,,,,,,,
St. Vincent and the Grenadines,2010,33.7,,,,,,,,
Panama,2010,40.1,,,,,,,,
China,2010,34.3,,,,,,,,
Mauritius,2010,28.3,,,,,,,,
Moldova,2010,32.3,,,,,,,,
Ukraine,2010,23.3,,,,,,,,
Ecuador,2010,29.0,,,,,,,,
Tunisia,2010,36.8,,,,,,,,
Nigeria,2010,24.0,,,,,,,,
Fiji,2010,20.0,,,,,,,,
Kenya,2010,14.0,,,,,,,,
Georgia,2010,26.9,,,,,,,,
Bolivia,2010,22.4,,,,,,,,
Tonga,2010,16.0,,,,,,,,
Paraguay,2010,19.8,,,,,,,,
Iran,2010,15.9,,,,,,,,
Jamaica,2010,27.7,,,,,,,,
Cabo Verde,2010,30.0,,,,,,,,
Uzbekistan,2010,15.9,,,,,,,,
Suriname,2010,31.6,,,,,,,,
Tuvalu,2010,25.0,,,,,,,,
Belize,2010,28.2,,,,,,,,
Peru,2010,34.8,,,,,,,,
Philippines,2010,25.0,,,,,,,,
Bhutan,2010,13.6,,,,,,,,
Thailand,2010,22.4,,,,,,,,
Guyana,2010,29.9,,,,,,,,
Algeria,2010,12.5,,,,,,,,
Egypt,2010,21.6,,,,,,,,
Micronesia,2010,20.0,,,,,,,,
Cuba,2010,15.9,,,,,,,,
Swaziland,2010,11.0,,,,,,,,
Kyrgyz Republic,2010,16.3,,,,,,,,
Sri Lanka,2010,12.0,,,,,,,,
Syrian Arab Republic,2010,20.7,,,,,,,,
Botswana,2010,6.0,,,,,,,,
Guatemala,2010,10.5,,,,,,,,
El Salvador,2010,15.9,,,,,,,,
Sudan,2010,16.7,,,,,,,,
India,2010,7.5,,,,,,,,
São Tomé and Principe,2010,18.8,,,,,,,,
Samoa,2010,7.0,,,,,,,,
Yemen,2010,12.4,,,,,,,,
Gabon,2010,7.2,,,,,,,,
Ghana,2010,7.8,,,,,,,,
Vanuatu,2010,8.0,,,,,,,,
Namibia,2010,11.6,,,,,,,,
Indonesia,2010,10.9,,,,,,,,
Myanmar,2010,.3,,,,,,,,
Senegal,2010,8.0,,,,,,,,
Mongolia,2010,10.2,,,,,,,,
Equatorial Guinea,2010,6.0,,,,,,,,
Zambia,2010,10.0,,,,,,,,
Côte d'Ivoire,2010,2.7,,,,,,,,
Cameroon,2010,4.3,,,,,,,,
Honduras,2010,11.1,,,,,,,,
Nicaragua,2010,10.0,,,,,,,,
Marshall Islands,2010,7.0,,,,,,,,
Uganda,2010,12.5,,,,,,,,
Libya,2010,14.0,,,,,,,,
Cambodia,2010,1.3,,,,,,,,
Tajikistan,2010,11.6,,,,,,,,
Lao PDR,2010,7.0,,,,,,,,
Rwanda,2010,8.0,,,,,,,,
Pakistan,2010,8.0,,,,,,,,
South Sudan,2010,7.0,,,,,,,,
Nepal,2010,7.9,,,,,,,,
Iraq,2010,2.5,,,,,,,,
The Gambia,2010,9.2,,,,,,,,
Zimbabwe,2010,6.4,,,,,,,,
Lesotho,2010,3.9,,,,,,,,
Mauritania,2010,4.0,,,,,,,,
Turkmenistan,2010,3.0,,,,,,,,
Bangladesh,2010,3.7,,,,,,,,
Timor-Leste,2010,.2,,,,,,,,
Kiribati,2010,9.1,,,,,,,,
Angola,2010,2.8,,,,,,,,
Haiti,2010,8.4,,,,,,,,
Djibouti,2010,6.5,,,,,,,,
Ethiopia,2010,.8,,,,,,,,
Burkina Faso,2010,2.4,,,,,,,,
Mali,2010,2.0,,,,,,,,
Solomon Islands,2010,5.0,,,,,,,,
Malawi,2010,2.3,,,,,,,,
Mozambique,2010,4.2,,,,,,,,
Afghanistan,2010,4.0,,,,,,,,
Papua New Guinea,2010,1.3,,,,,,,,
Congo,2010,5.0,,,,,,,,
Comoros,2010,5.1,,,,,,,,
Togo,2010,3.0,,,,,,,,
Benin,2010,3.1,,,,,,,,
Liberia,2010,2.3,,,,,,,,
Tanzania,2010,2.9,,,,,,,,
Burundi,2010,1.0,,,,,,,,
Guinea,2010,1.0,,,,,,,,
Central African Republic,2010,2.0,,,,,,,,
Madagascar,2010,1.7,,,,,,,,
Dem. Rep. Congo,2010,.7,,,,,,,,
Guinea-Bissau,2010,2.5,,,,,,,,
Chad,2010,1.7,,,,,,,,
Sierra Leone,2010,.6,,,,,,,,
Niger,2010,.8,,,,,,,,
Somalia,2010,,,,,,,,,
Eritrea,2010,.6,,,,,,,,
Dem. People's Rep. Korea,2010,0.0,,,,,,,,
Nauru,2010,,,,,,,,,
San Marino,2010,,,,,,,,,
Palau,2010,,,,,,,,,
Iceland,2011,94.8,,,,,,,,
Luxembourg,2011,90.0,,,,,,,,
Andorra,2011,81.0,,,,,,,,
Norway,2011,93.5,,,,,,,,
Liechtenstein,2011,85.0,,,,,,,,
Denmark,2011,89.8,,,,,,,,
Bahrain,2011,77.0,,,,,,,,
Monaco,2011,80.3,,,,,,,,
Japan,2011,79.1,,,,,,,,
Netherlands,2011,91.4,,,,,,,,
Qatar,2011,69.0,,,,,,,,
Finland,2011,88.7,,,,,,,,
United Kingdom,2011,85.4,,,,,,,,
United Arab Emirates,2011,78.0,,,,,,,,
Sweden,2011,92.8,,,,,,,,
Korea,2011,83.8,,,,,,,,
Canada,2011,83.0,,,,,,,,
Estonia,2011,76.5,,,,,,,,
New Zealand,2011,81.2,,,,,,,,
Switzerland,2011,85.2,,,,,,,,
Germany,2011,81.3,,,,,,,,
Belgium,2011,81.6,,,,,,,,
Slovak Republic,2011,74.4,,,,,,,,
"Hong Kong SAR, China",2011,72.2,,,,,,,,
France,2011,77.8,,,,,,,,
Australia,2011,79.5,,,,,,,,
Austria,2011,78.7,,,,,,,,
Singapore,2011,71.0,,,,,,,,
Kuwait,2011,65.8,,,,,,,,
Czech Republic,2011,70.5,,,,,,,,
Ireland,2011,74.9,,,,,,,,
Latvia,2011,69.7,,,,,,,,
Israel,2011,68.9,,,,,,,,
Spain,2011,67.6,,,,,,,,
The Bahamas,2011,65.0,,,,,,,,
"Macao SAR, China",2011,60.2,,,,,,,,
Azerbaijan,2011,50.0,,,,,,,,
Malta,2011,68.0,,,,,,,,
Barbados,2011,66.5,,,,,,,,
St. Kitts and Nevis,2011,63.2,,,,,,,,
United States,2011,69.7,,,,,,,,
Oman,2011,48.0,,,,,,,,
Lebanon,2011,52.0,,,,,,,,
Russia,2011,49.0,,,,,,,,
Slovenia,2011,67.3,,,,,,,,
Kazakhstan,2011,50.6,,,,,,,,
Hungary,2011,68.0,,,,,,,,
Cyprus,2011,56.9,,,,,,,,
Lithuania,2011,63.6,,,,,,,,
Brunei,2011,56.0,,,,,,,,
Malaysia,2011,61.0,,,,,,,,
Macedonia,2011,56.7,,,,,,,,
Croatia,2011,57.8,,,,,,,,
Saudi Arabia,2011,47.5,,,,,,,,
Argentina,2011,51.0,,,,,,,,
Trinidad and Tobago,2011,55.2,,,,,,,,
Portugal,2011,55.2,,,,,,,,
Poland,2011,61.9,,,,,,,,
Dominica,2011,48.6,,,,,,,,
Greece,2011,51.6,,,,,,,,
Italy,2011,54.4,,,,,,,,
Serbia,2011,42.2,,,,,,,,
Antigua and Barbuda,2011,52.0,,,,,,,,
Bosnia and Herzegovina,2011,47.8,,,,,,,,
Uruguay,2011,51.4,,,,,,,,
Montenegro,2011,35.6,,,,,,,,
Chile,2011,52.2,,,,,,,,
Albania,2011,49.0,,,,,,,,
Belarus,2011,39.6,,,,,,,,
Venezuela,2011,40.2,,,,,,,,
Costa Rica,2011,39.2,,,,,,,,
Brazil,2011,45.7,,,,,,,,
Armenia,2011,32.0,,,,,,,,
Seychelles,2011,43.2,,,,,,,,
Mexico,2011,37.2,,,,,,,,
West Bank and Gaza,2011,41.1,,,,,,,,
Morocco,2011,46.1,,,,,,,,
Bulgaria,2011,48.0,,,,,,,,
Colombia,2011,40.4,,,,,,,,
Romania,2011,40.0,,,,,,,,
Maldives,2011,34.0,,,,,,,,
Grenada,2011,30.0,,,,,,,,
Turkey,2011,43.1,,,,,,,,
Jordan,2011,34.9,,,,,,,,
Vietnam,2011,35.1,,,,,,,,
St. Lucia,2011,44.0,,,,,,,,
Dominican Republic,2011,38.0,,,,,,,,
South Africa,2011,34.0,,,,,,,,
St. Vincent and the Grenadines,2011,36.7,,,,,,,,
Panama,2011,42.7,,,,,,,,
China,2011,38.3,,,,,,,,
Mauritius,2011,35.0,,,,,,,,
Moldova,2011,38.0,,,,,,,,
Ukraine,2011,28.7,,,,,,,,
Ecuador,2011,31.4,,,,,,,,
Tunisia,2011,39.1,,,,,,,,
Nigeria,2011,28.4,,,,,,,,
Fiji,2011,28.0,,,,,,,,
Kenya,2011,28.0,,,,,,,,
Georgia,2011,31.5,,,,,,,,
Bolivia,2011,30.0,,,,,,,,
Tonga,2011,25.0,,,,,,,,
Paraguay,2011,24.8,,,,,,,,
Iran,2011,19.0,,,,,,,,
Jamaica,2011,37.4,,,,,,,,
Cabo Verde,2011,32.0,,,,,,,,
Uzbekistan,2011,18.6,,,,,,,,
Suriname,2011,32.0,,,,,,,,
Tuvalu,2011,30.0,,,,,,,,
Belize,2011,30.7,,,,,,,,
Peru,2011,36.0,,,,,,,,
Philippines,2011,29.0,,,,,,,,
Bhutan,2011,14.4,,,,,,,,
Thailand,2011,23.7,,,,,,,,
Guyana,2011,31.0,,,,,,,,
Algeria,2011,14.0,,,,,,,,
Egypt,2011,25.6,,,,,,,,
Micronesia,2011,22.8,,,,,,,,
Cuba,2011,16.0,,,,,,,,
Swaziland,2011,18.1,,,,,,,,
Kyrgyz Republic,2011,17.5,,,,,,,,
Sri Lanka,2011,15.0,,,,,,,,
Syrian Arab Republic,2011,22.5,,,,,,,,
Botswana,2011,8.0,,,,,,,,
Guatemala,2011,12.3,,,,,,,,
El Salvador,2011,18.9,,,,,,,,
Sudan,2011,17.5,,,,,,,,
India,2011,10.1,,,,,,,,
São Tomé and Principe,2011,20.2,,,,,,,,
Samoa,2011,11.0,,,,,,,,
Yemen,2011,14.9,,,,,,,,
Gabon,2011,8.0,,,,,,,,
Ghana,2011,9.0,,,,,,,,
Vanuatu,2011,9.2,,,,,,,,
Namibia,2011,12.0,,,,,,,,
Indonesia,2011,12.3,,,,,,,,
Myanmar,2011,1.0,,,,,,,,
Senegal,2011,9.8,,,,,,,,
Mongolia,2011,12.5,,,,,,,,
Equatorial Guinea,2011,11.5,,,,,,,,
Zambia,2011,11.5,,,,,,,,
Côte d'Ivoire,2011,2.9,,,,,,,,
Cameroon,2011,5.0,,,,,,,,
Honduras,2011,15.9,,,,,,,,
Nicaragua,2011,10.6,,,,,,,,
Marshall Islands,2011,10.0,,,,,,,,
Uganda,2011,13.0,,,,,,,,
Libya,2011,14.0,,,,,,,,
Cambodia,2011,3.1,,,,,,,,
Tajikistan,2011,13.0,,,,,,,,
Lao PDR,2011,9.0,,,,,,,,
Rwanda,2011,7.0,,,,,,,,
Pakistan,2011,9.0,,,,,,,,
South Sudan,2011,,,,,,,,,
Nepal,2011,9.0,,,,,,,,
Iraq,2011,5.0,,,,,,,,
The Gambia,2011,10.9,,,,,,,,
Zimbabwe,2011,8.4,,,,,,,,
Lesotho,2011,4.2,,,,,,,,
Mauritania,2011,4.5,,,,,,,,
Turkmenistan,2011,5.0,,,,,,,,
Bangladesh,2011,4.5,,,,,,,,
Timor-Leste,2011,.9,,,,,,,,
Kiribati,2011,10.0,,,,,,,,
Angola,2011,3.1,,,,,,,,
Haiti,2011,9.0,,,,,,,,
Djibouti,2011,7.0,,,,,,,,
Ethiopia,2011,1.1,,,,,,,,
Burkina Faso,2011,3.0,,,,,,,,
Mali,2011,2.2,,,,,,,,
Solomon Islands,2011,6.0,,,,,,,,
Malawi,2011,3.3,,,,,,,,
Mozambique,2011,4.3,,,,,,,,
Afghanistan,2011,5.0,,,,,,,,
Papua New Guinea,2011,2.0,,,,,,,,
Congo,2011,5.6,,,,,,,,
Comoros,2011,5.5,,,,,,,,
Togo,2011,3.5,,,,,,,,
Benin,2011,4.1,,,,,,,,
Liberia,2011,2.5,,,,,,,,
Tanzania,2011,3.2,,,,,,,,
Burundi,2011,1.1,,,,,,,,
Guinea,2011,1.3,,,,,,,,
Central African Republic,2011,2.2,,,,,,,,
Madagascar,2011,1.9,,,,,,,,
Dem. Rep. Congo,2011,1.2,,,,,,,,
Guinea-Bissau,2011,2.7,,,,,,,,
Chad,2011,1.9,,,,,,,,
Sierra Leone,2011,.9,,,,,,,,
Niger,2011,1.3,,,,,,,,
Somalia,2011,1.3,,,,,,,,
Eritrea,2011,.7,,,,,,,,
Dem. People's Rep. Korea,2011,0.0,,,,,,,,
Nauru,2011,54.0,,,,,,,,
San Marino,2011,49.6,,,,,,,,
Palau,2011,,,,,,,,,
Iceland,2012,96.2,,,,,,,,
Luxembourg,2012,91.9,,,,,,,,
Andorra,2012,86.4,,,,,,,,
Norway,2012,94.6,,,,,,,,
Liechtenstein,2012,89.4,,,,,,,,
Denmark,2012,92.3,,,,,,,,
Bahrain,2012,88.0,,,,,,,,
Monaco,2012,87.0,,,,,,,,
Japan,2012,79.5,,,,,,,,
Netherlands,2012,92.9,,,,,,,,
Qatar,2012,69.3,,,,,,,,
Finland,2012,89.9,,,,,,,,
United Kingdom,2012,87.5,,,,,,,,
United Arab Emirates,2012,85.0,,,,,,,,
Sweden,2012,93.2,,,,,,,,
Korea,2012,84.1,,,,,,,,
Canada,2012,83.0,,,,,,,,
Estonia,2012,78.4,,,,,,,,
New Zealand,2012,82.0,,,,,,,,
Switzerland,2012,85.2,,,,,,,,
Germany,2012,82.3,,,,,,,,
Belgium,2012,80.7,,,,,,,,
Slovak Republic,2012,76.7,,,,,,,,
"Hong Kong SAR, China",2012,72.9,,,,,,,,
France,2012,81.4,,,,,,,,
Australia,2012,79.0,,,,,,,,
Austria,2012,80.0,,,,,,,,
Singapore,2012,72.0,,,,,,,,
Kuwait,2012,70.5,,,,,,,,
Czech Republic,2012,73.4,,,,,,,,
Ireland,2012,76.9,,,,,,,,
Latvia,2012,73.1,,,,,,,,
Israel,2012,70.8,,,,,,,,
Spain,2012,69.8,,,,,,,,
The Bahamas,2012,71.7,,,,,,,,
"Macao SAR, China",2012,61.3,,,,,,,,
Azerbaijan,2012,54.2,,,,,,,,
Malta,2012,68.2,,,,,,,,
Barbados,2012,71.2,,,,,,,,
St. Kitts and Nevis,2012,64.0,,,,,,,,
United States,2012,74.7,,,,,,,,
Oman,2012,60.0,,,,,,,,
Lebanon,2012,61.2,,,,,,,,
Russia,2012,63.8,,,,,,,,
Slovenia,2012,68.3,,,,,,,,
Kazakhstan,2012,53.3,,,,,,,,
Hungary,2012,70.6,,,,,,,,
Cyprus,2012,60.7,,,,,,,,
Lithuania,2012,67.2,,,,,,,,
Brunei,2012,60.3,,,,,,,,
Malaysia,2012,65.8,,,,,,,,
Macedonia,2012,57.4,,,,,,,,
Croatia,2012,61.9,,,,,,,,
Saudi Arabia,2012,54.0,,,,,,,,
Argentina,2012,55.8,,,,,,,,
Trinidad and Tobago,2012,59.5,,,,,,,,
Portugal,2012,60.3,,,,,,,,
Poland,2012,62.3,,,,,,,,
Dominica,2012,49.8,,,,,,,,
Greece,2012,55.1,,,,,,,,
Italy,2012,55.8,,,,,,,,
Serbia,2012,48.1,,,,,,,,
Antigua and Barbuda,2012,58.0,,,,,,,,
Bosnia and Herzegovina,2012,52.8,,,,,,,,
Uruguay,2012,54.5,,,,,,,,
Montenegro,2012,56.8,,,,,,,,
Chile,2012,55.1,,,,,,,,
Albania,2012,54.7,,,,,,,,
Belarus,2012,46.9,,,,,,,,
Venezuela,2012,49.1,,,,,,,,
Costa Rica,2012,47.5,,,,,,,,
Brazil,2012,48.6,,,,,,,,
Armenia,2012,37.5,,,,,,,,
Seychelles,2012,47.1,,,,,,,,
Mexico,2012,39.8,,,,,,,,
West Bank and Gaza,2012,43.4,,,,,,,,
Morocco,2012,55.4,,,,,,,,
Bulgaria,2012,51.9,,,,,,,,
Colombia,2012,49.0,,,,,,,,
Romania,2012,45.9,,,,,,,,
Maldives,2012,38.9,,,,,,,,
Grenada,2012,32.0,,,,,,,,
Turkey,2012,45.1,,,,,,,,
Jordan,2012,37.0,,,,,,,,
Vietnam,2012,39.5,,,,,,,,
St. Lucia,2012,45.9,,,,,,,,
Dominican Republic,2012,42.3,,,,,,,,
South Africa,2012,41.0,,,,,,,,
St. Vincent and the Grenadines,2012,40.0,,,,,,,,
Panama,2012,40.3,,,,,,,,
China,2012,42.3,,,,,,,,
Mauritius,2012,35.4,,,,,,,,
Moldova,2012,43.4,,,,,,,,
Ukraine,2012,35.3,,,,,,,,
Ecuador,2012,35.1,,,,,,,,
Tunisia,2012,41.4,,,,,,,,
Nigeria,2012,32.8,,,,,,,,
Fiji,2012,33.7,,,,,,,,
Kenya,2012,32.1,,,,,,,,
Georgia,2012,36.9,,,,,,,,
Bolivia,2012,35.3,,,,,,,,
Tonga,2012,33.0,,,,,,,,
Paraguay,2012,29.3,,,,,,,,
Iran,2012,22.7,,,,,,,,
Jamaica,2012,33.8,,,,,,,,
Cabo Verde,2012,34.7,,,,,,,,
Uzbekistan,2012,23.6,,,,,,,,
Suriname,2012,34.7,,,,,,,,
Tuvalu,2012,35.0,,,,,,,,
Belize,2012,31.0,,,,,,,,
Peru,2012,38.2,,,,,,,,
Philippines,2012,36.2,,,,,,,,
Bhutan,2012,15.6,,,,,,,,
Thailand,2012,26.5,,,,,,,,
Guyana,2012,33.0,,,,,,,,
Algeria,2012,15.2,,,,,,,,
Egypt,2012,26.4,,,,,,,,
Micronesia,2012,26.0,,,,,,,,
Cuba,2012,21.2,,,,,,,,
Swaziland,2012,20.8,,,,,,,,
Kyrgyz Republic,2012,19.8,,,,,,,,
Sri Lanka,2012,18.3,,,,,,,,
Syrian Arab Republic,2012,24.3,,,,,,,,
Botswana,2012,11.5,,,,,,,,
Guatemala,2012,16.0,,,,,,,,
El Salvador,2012,20.3,,,,,,,,
Sudan,2012,21.0,,,,,,,,
India,2012,12.6,,,,,,,,
São Tomé and Principe,2012,21.6,,,,,,,,
Samoa,2012,12.9,,,,,,,,
Yemen,2012,17.4,,,,,,,,
Gabon,2012,8.6,,,,,,,,
Ghana,2012,10.6,,,,,,,,
Vanuatu,2012,10.6,,,,,,,,
Namibia,2012,12.9,,,,,,,,
Indonesia,2012,14.5,,,,,,,,
Myanmar,2012,1.4,,,,,,,,
Senegal,2012,10.8,,,,,,,,
Mongolia,2012,16.4,,,,,,,,
Equatorial Guinea,2012,13.9,,,,,,,,
Zambia,2012,13.5,,,,,,,,
Côte d'Ivoire,2012,5.0,,,,,,,,
Cameroon,2012,,,,,,,,,
Honduras,2012,18.1,,,,,,,,
Nicaragua,2012,13.5,,,,,,,,
Marshall Islands,2012,12.5,,,,,,,,
Uganda,2012,14.7,,,,,,,,
Libya,2012,,,,,,,,,
Cambodia,2012,4.9,,,,,,,,
Tajikistan,2012,14.5,,,,,,,,
Lao PDR,2012,10.7,,,,,,,,
Rwanda,2012,8.0,,,,,,,,
Pakistan,2012,10.0,,,,,,,,
South Sudan,2012,,,,,,,,,
Nepal,2012,11.1,,,,,,,,
Iraq,2012,7.1,,,,,,,,
The Gambia,2012,12.4,,,,,,,,
Zimbabwe,2012,12.0,,,,,,,,
Lesotho,2012,4.6,,,,,,,,
Mauritania,2012,5.0,,,,,,,,
Turkmenistan,2012,7.2,,,,,,,,
Bangladesh,2012,5.0,,,,,,,,
Timor-Leste,2012,2.3,,,,,,,,
Kiribati,2012,10.7,,,,,,,,
Angola,2012,6.5,,,,,,,,
Haiti,2012,9.8,,,,,,,,
Djibouti,2012,8.3,,,,,,,,
Ethiopia,2012,2.9,,,,,,,,
Burkina Faso,2012,3.7,,,,,,,,
Mali,2012,2.8,,,,,,,,
Solomon Islands,2012,7.0,,,,,,,,
Malawi,2012,4.4,,,,,,,,
Mozambique,2012,4.8,,,,,,,,
Afghanistan,2012,5.5,,,,,,,,
Papua New Guinea,2012,3.5,,,,,,,,
Congo,2012,6.1,,,,,,,,
Comoros,2012,6.0,,,,,,,,
Togo,2012,4.0,,,,,,,,
Benin,2012,4.5,,,,,,,,
Liberia,2012,2.6,,,,,,,,
Tanzania,2012,4.0,,,,,,,,
Burundi,2012,1.2,,,,,,,,
Guinea,2012,1.5,,,,,,,,
Central African Republic,2012,3.0,,,,,,,,
Madagascar,2012,2.3,,,,,,,,
Dem. Rep. Congo,2012,1.7,,,,,,,,
Guinea-Bissau,2012,2.9,,,,,,,,
Chad,2012,2.1,,,,,,,,
Sierra Leone,2012,1.3,,,,,,,,
Niger,2012,1.4,,,,,,,,
Somalia,2012,1.4,,,,,,,,
Eritrea,2012,.8,,,,,,,,
Dem. People's Rep. Korea,2012,0.0,,,,,,,,
Nauru,2012,,,,,,,,,
San Marino,2012,,,,,,,,,
Palau,2012,,,,,,,,,
Iceland,2013,96.5,,,,,,,,
Luxembourg,2013,93.8,,,,,,,,
Andorra,2013,94.0,,,,,,,,
Norway,2013,95.1,,,,,,,,
Liechtenstein,2013,93.8,,,,,,,,
Denmark,2013,94.6,,,,,,,,
Bahrain,2013,90.0,,,,,,,,
Monaco,2013,90.7,,,,,,,,
Japan,2013,88.2,,,,,,,,
Netherlands,2013,94.0,,,,,,,,
Qatar,2013,85.3,,,,,,,,
Finland,2013,91.5,,,,,,,,
United Kingdom,2013,89.8,,,,,,,,
United Arab Emirates,2013,88.0,,,,,,,,
Sweden,2013,94.8,,,,,,,,
Korea,2013,84.8,,,,,,,,
Canada,2013,85.8,,,,,,,,
Estonia,2013,79.4,,,,,,,,
New Zealand,2013,82.8,,,,,,,,
Switzerland,2013,86.3,,,,,,,,
Germany,2013,84.2,,,,,,,,
Belgium,2013,82.2,,,,,,,,
Slovak Republic,2013,77.9,,,,,,,,
"Hong Kong SAR, China",2013,74.2,,,,,,,,
France,2013,81.9,,,,,,,,
Australia,2013,83.5,,,,,,,,
Austria,2013,80.6,,,,,,,,
Singapore,2013,80.9,,,,,,,,
Kuwait,2013,75.5,,,,,,,,
Czech Republic,2013,74.1,,,,,,,,
Ireland,2013,78.2,,,,,,,,
Latvia,2013,75.2,,,,,,,,
Israel,2013,70.3,,,,,,,,
Spain,2013,71.6,,,,,,,,
The Bahamas,2013,72.0,,,,,,,,
"Macao SAR, China",2013,65.8,,,,,,,,
Azerbaijan,2013,73.0,,,,,,,,
Malta,2013,68.9,,,,,,,,
Barbados,2013,71.8,,,,,,,,
St. Kitts and Nevis,2013,64.6,,,,,,,,
United States,2013,71.4,,,,,,,,
Oman,2013,66.5,,,,,,,,
Lebanon,2013,70.5,,,,,,,,
Russia,2013,68.0,,,,,,,,
Slovenia,2013,72.7,,,,,,,,
Kazakhstan,2013,63.0,,,,,,,,
Hungary,2013,72.6,,,,,,,,
Cyprus,2013,65.5,,,,,,,,
Lithuania,2013,68.5,,,,,,,,
Brunei,2013,64.5,,,,,,,,
Malaysia,2013,57.1,,,,,,,,
Macedonia,2013,65.2,,,,,,,,
Croatia,2013,66.7,,,,,,,,
Saudi Arabia,2013,60.5,,,,,,,,
Argentina,2013,59.9,,,,,,,,
Trinidad and Tobago,2013,63.8,,,,,,,,
Portugal,2013,62.1,,,,,,,,
Poland,2013,62.8,,,,,,,,
Dominica,2013,51.0,,,,,,,,
Greece,2013,59.9,,,,,,,,
Italy,2013,58.5,,,,,,,,
Serbia,2013,53.5,,,,,,,,
Antigua and Barbuda,2013,63.4,,,,,,,,
Bosnia and Herzegovina,2013,57.8,,,,,,,,
Uruguay,2013,57.7,,,,,,,,
Montenegro,2013,60.3,,,,,,,,
Chile,2013,58.0,,,,,,,,
Albania,2013,57.2,,,,,,,,
Belarus,2013,54.2,,,,,,,,
Venezuela,2013,54.9,,,,,,,,
Costa Rica,2013,46.0,,,,,,,,
Brazil,2013,51.0,,,,,,,,
Armenia,2013,41.9,,,,,,,,
Seychelles,2013,50.4,,,,,,,,
Mexico,2013,43.5,,,,,,,,
West Bank and Gaza,2013,46.6,,,,,,,,
Morocco,2013,56.0,,,,,,,,
Bulgaria,2013,53.1,,,,,,,,
Colombia,2013,51.7,,,,,,,,
Romania,2013,49.8,,,,,,,,
Maldives,2013,44.1,,,,,,,,
Grenada,2013,35.0,,,,,,,,
Turkey,2013,46.3,,,,,,,,
Jordan,2013,41.4,,,,,,,,
Vietnam,2013,43.9,,,,,,,,
St. Lucia,2013,46.2,,,,,,,,
Dominican Republic,2013,45.9,,,,,,,,
South Africa,2013,46.5,,,,,,,,
St. Vincent and the Grenadines,2013,43.5,,,,,,,,
Panama,2013,44.0,,,,,,,,
China,2013,45.8,,,,,,,,
Mauritius,2013,40.1,,,,,,,,
Moldova,2013,45.0,,,,,,,,
Ukraine,2013,41.0,,,,,,,,
Ecuador,2013,40.3,,,,,,,,
Tunisia,2013,43.8,,,,,,,,
Nigeria,2013,38.0,,,,,,,,
Fiji,2013,37.1,,,,,,,,
Kenya,2013,39.0,,,,,,,,
Georgia,2013,43.3,,,,,,,,
Bolivia,2013,37.0,,,,,,,,
Tonga,2013,35.0,,,,,,,,
Paraguay,2013,36.9,,,,,,,,
Iran,2013,30.0,,,,,,,,
Jamaica,2013,37.1,,,,,,,,
Cabo Verde,2013,37.5,,,,,,,,
Uzbekistan,2013,26.8,,,,,,,,
Suriname,2013,37.4,,,,,,,,
Tuvalu,2013,37.0,,,,,,,,
Belize,2013,33.6,,,,,,,,
Peru,2013,39.2,,,,,,,,
Philippines,2013,37.0,,,,,,,,
Bhutan,2013,22.4,,,,,,,,
Thailand,2013,28.9,,,,,,,,
Guyana,2013,35.0,,,,,,,,
Algeria,2013,16.5,,,,,,,,
Egypt,2013,29.4,,,,,,,,
Micronesia,2013,27.8,,,,,,,,
Cuba,2013,27.9,,,,,,,,
Swaziland,2013,24.7,,,,,,,,
Kyrgyz Republic,2013,23.0,,,,,,,,
Sri Lanka,2013,21.9,,,,,,,,
Syrian Arab Republic,2013,26.2,,,,,,,,
Botswana,2013,15.0,,,,,,,,
Guatemala,2013,19.7,,,,,,,,
El Salvador,2013,23.1,,,,,,,,
Sudan,2013,22.7,,,,,,,,
India,2013,15.1,,,,,,,,
São Tomé and Principe,2013,23.0,,,,,,,,
Samoa,2013,15.3,,,,,,,,
Yemen,2013,20.0,,,,,,,,
Gabon,2013,9.2,,,,,,,,
Ghana,2013,12.3,,,,,,,,
Vanuatu,2013,11.3,,,,,,,,
Namibia,2013,13.9,,,,,,,,
Indonesia,2013,14.9,,,,,,,,
Myanmar,2013,1.8,,,,,,,,
Senegal,2013,13.1,,,,,,,,
Mongolia,2013,17.7,,,,,,,,
Equatorial Guinea,2013,16.4,,,,,,,,
Zambia,2013,15.4,,,,,,,,
Côte d'Ivoire,2013,8.4,,,,,,,,
Cameroon,2013,,,,,,,,,
Honduras,2013,17.8,,,,,,,,
Nicaragua,2013,15.5,,,,,,,,
Marshall Islands,2013,14.0,,,,,,,,
Uganda,2013,16.2,,,,,,,,
Libya,2013,16.5,,,,,,,,
Cambodia,2013,6.8,,,,,,,,
Tajikistan,2013,16.0,,,,,,,,
Lao PDR,2013,12.5,,,,,,,,
Rwanda,2013,9.0,,,,,,,,
Pakistan,2013,10.9,,,,,,,,
South Sudan,2013,14.1,,,,,,,,
Nepal,2013,13.3,,,,,,,,
Iraq,2013,9.2,,,,,,,,
The Gambia,2013,14.0,,,,,,,,
Zimbabwe,2013,15.5,,,,,,,,
Lesotho,2013,5.0,,,,,,,,
Mauritania,2013,6.2,,,,,,,,
Turkmenistan,2013,9.6,,,,,,,,
Bangladesh,2013,6.6,,,,,,,,
Timor-Leste,2013,8.0,,,,,,,,
Kiribati,2013,11.5,,,,,,,,
Angola,2013,8.9,,,,,,,,
Haiti,2013,10.6,,,,,,,,
Djibouti,2013,9.5,,,,,,,,
Ethiopia,2013,4.6,,,,,,,,
Burkina Faso,2013,9.1,,,,,,,,
Mali,2013,3.5,,,,,,,,
Solomon Islands,2013,8.0,,,,,,,,
Malawi,2013,5.1,,,,,,,,
Mozambique,2013,5.4,,,,,,,,
Afghanistan,2013,5.9,,,,,,,,
Papua New Guinea,2013,5.1,,,,,,,,
Congo,2013,6.6,,,,,,,,
Comoros,2013,6.5,,,,,,,,
Togo,2013,4.5,,,,,,,,
Benin,2013,4.9,,,,,,,,
Liberia,2013,3.2,,,,,,,,
Tanzania,2013,4.4,,,,,,,,
Burundi,2013,1.3,,,,,,,,
Guinea,2013,1.6,,,,,,,,
Central African Republic,2013,3.5,,,,,,,,
Madagascar,2013,3.0,,,,,,,,
Dem. Rep. Congo,2013,2.2,,,,,,,,
Guinea-Bissau,2013,3.1,,,,,,,,
Chad,2013,2.3,,,,,,,,
Sierra Leone,2013,1.7,,,,,,,,
Niger,2013,1.7,,,,,,,,
Somalia,2013,1.5,,,,,,,,
Eritrea,2013,.9,,,,,,,,
Dem. People's Rep. Korea,2013,,,,,,,,,
Nauru,2013,,,,,,,,,
San Marino,2013,,,,,,,,,
Palau,2013,,,,,,,,,
Iceland,2014,98.2,,,,,,,,
Luxembourg,2014,94.7,,,,,,,,
Andorra,2014,95.9,,,,,,,,
Norway,2014,96.3,,,,,,,,
Liechtenstein,2014,95.2,,,,,,,,
Denmark,2014,96.0,,,,,,,,
Bahrain,2014,90.5,,,,,,,,
Monaco,2014,92.4,,,,,,,,
Japan,2014,89.1,,,,,,,,
Netherlands,2014,93.2,,,,,,,,
Qatar,2014,91.5,,,,,,,,
Finland,2014,92.4,,,,,,,,
United Kingdom,2014,91.6,,,,,,,,
United Arab Emirates,2014,90.4,,,,,,,,
Sweden,2014,92.5,,,,,,,,
Korea,2014,87.9,,,,,,,,
Canada,2014,87.1,,,,,,,,
Estonia,2014,84.2,,,,,,,,
New Zealand,2014,85.5,,,,,,,,
Switzerland,2014,87.4,,,,,,,,
Germany,2014,86.2,,,,,,,,
Belgium,2014,85.0,,,,,,,,
Slovak Republic,2014,80.0,,,,,,,,
"Hong Kong SAR, China",2014,79.9,,,,,,,,
France,2014,83.8,,,,,,,,
Australia,2014,84.0,,,,,,,,
Austria,2014,81.0,,,,,,,,
Singapore,2014,79.0,,,,,,,,
Kuwait,2014,78.7,,,,,,,,
Czech Republic,2014,79.7,,,,,,,,
Ireland,2014,79.7,,,,,,,,
Latvia,2014,75.8,,,,,,,,
Israel,2014,75.0,,,,,,,,
Spain,2014,76.2,,,,,,,,
The Bahamas,2014,76.9,,,,,,,,
"Macao SAR, China",2014,69.8,,,,,,,,
Azerbaijan,2014,75.0,,,,,,,,
Malta,2014,73.2,,,,,,,,
Barbados,2014,75.2,,,,,,,,
St. Kitts and Nevis,2014,68.0,,,,,,,,
United States,2014,73.0,,,,,,,,
Oman,2014,70.2,,,,,,,,
Lebanon,2014,73.0,,,,,,,,
Russia,2014,70.5,,,,,,,,
Slovenia,2014,71.6,,,,,,,,
Kazakhstan,2014,66.0,,,,,,,,
Hungary,2014,76.1,,,,,,,,
Cyprus,2014,69.3,,,,,,,,
Lithuania,2014,72.1,,,,,,,,
Brunei,2014,68.8,,,,,,,,
Malaysia,2014,63.7,,,,,,,,
Macedonia,2014,68.1,,,,,,,,
Croatia,2014,68.6,,,,,,,,
Saudi Arabia,2014,64.7,,,,,,,,
Argentina,2014,64.7,,,,,,,,
Trinidad and Tobago,2014,65.1,,,,,,,,
Portugal,2014,64.6,,,,,,,,
Poland,2014,66.6,,,,,,,,
Dominica,2014,57.5,,,,,,,,
Greece,2014,63.2,,,,,,,,
Italy,2014,62.0,,,,,,,,
Serbia,2014,62.1,,,,,,,,
Antigua and Barbuda,2014,64.0,,,,,,,,
Bosnia and Herzegovina,2014,60.8,,,,,,,,
Uruguay,2014,61.5,,,,,,,,
Montenegro,2014,61.0,,,,,,,,
Chile,2014,61.1,,,,,,,,
Albania,2014,60.1,,,,,,,,
Belarus,2014,59.0,,,,,,,,
Venezuela,2014,57.0,,,,,,,,
Costa Rica,2014,53.0,,,,,,,,
Brazil,2014,54.6,,,,,,,,
Armenia,2014,54.6,,,,,,,,
Seychelles,2014,54.3,,,,,,,,
Mexico,2014,44.4,,,,,,,,
West Bank and Gaza,2014,53.7,,,,,,,,
Morocco,2014,56.8,,,,,,,,
Bulgaria,2014,55.5,,,,,,,,
Colombia,2014,52.6,,,,,,,,
Romania,2014,54.1,,,,,,,,
Maldives,2014,49.3,,,,,,,,
Grenada,2014,51.6,,,,,,,,
Turkey,2014,51.0,,,,,,,,
Jordan,2014,46.2,,,,,,,,
Vietnam,2014,48.3,,,,,,,,
St. Lucia,2014,50.0,,,,,,,,
Dominican Republic,2014,49.6,,,,,,,,
South Africa,2014,49.0,,,,,,,,
St. Vincent and the Grenadines,2014,47.4,,,,,,,,
Panama,2014,44.9,,,,,,,,
China,2014,47.9,,,,,,,,
Mauritius,2014,44.8,,,,,,,,
Moldova,2014,46.6,,,,,,,,
Ukraine,2014,46.2,,,,,,,,
Ecuador,2014,45.6,,,,,,,,
Tunisia,2014,46.2,,,,,,,,
Nigeria,2014,42.7,,,,,,,,
Fiji,2014,41.8,,,,,,,,
Kenya,2014,43.4,,,,,,,,
Georgia,2014,44.0,,,,,,,,
Bolivia,2014,34.6,,,,,,,,
Tonga,2014,40.0,,,,,,,,
Paraguay,2014,43.0,,,,,,,,
Iran,2014,39.4,,,,,,,,
Jamaica,2014,40.4,,,,,,,,
Cabo Verde,2014,40.3,,,,,,,,
Uzbekistan,2014,35.5,,,,,,,,
Suriname,2014,40.1,,,,,,,,
Tuvalu,2014,39.2,,,,,,,,
Belize,2014,38.7,,,,,,,,
Peru,2014,40.2,,,,,,,,
Philippines,2014,39.7,,,,,,,,
Bhutan,2014,30.3,,,,,,,,
Thailand,2014,34.9,,,,,,,,
Guyana,2014,37.4,,,,,,,,
Algeria,2014,25.0,,,,,,,,
Egypt,2014,33.9,,,,,,,,
Micronesia,2014,29.7,,,,,,,,
Cuba,2014,29.1,,,,,,,,
Swaziland,2014,27.1,,,,,,,,
Kyrgyz Republic,2014,28.3,,,,,,,,
Sri Lanka,2014,25.8,,,,,,,,
Syrian Arab Republic,2014,28.1,,,,,,,,
Botswana,2014,18.5,,,,,,,,
Guatemala,2014,23.4,,,,,,,,
El Salvador,2014,24.8,,,,,,,,
Sudan,2014,24.6,,,,,,,,
India,2014,21.0,,,,,,,,
São Tomé and Principe,2014,24.4,,,,,,,,
Samoa,2014,21.2,,,,,,,,
Yemen,2014,22.6,,,,,,,,
Gabon,2014,20.0,,,,,,,,
Ghana,2014,18.9,,,,,,,,
Vanuatu,2014,18.8,,,,,,,,
Namibia,2014,14.8,,,,,,,,
Indonesia,2014,17.1,,,,,,,,
Myanmar,2014,11.5,,,,,,,,
Senegal,2014,17.7,,,,,,,,
Mongolia,2014,19.9,,,,,,,,
Equatorial Guinea,2014,18.9,,,,,,,,
Zambia,2014,19.0,,,,,,,,
Côte d'Ivoire,2014,14.6,,,,,,,,
Cameroon,2014,16.2,,,,,,,,
Honduras,2014,19.1,,,,,,,,
Nicaragua,2014,17.6,,,,,,,,
Marshall Islands,2014,16.8,,,,,,,,
Uganda,2014,17.7,,,,,,,,
Libya,2014,17.8,,,,,,,,
Cambodia,2014,14.0,,,,,,,,
Tajikistan,2014,17.5,,,,,,,,
Lao PDR,2014,14.3,,,,,,,,
Rwanda,2014,10.6,,,,,,,,
Pakistan,2014,13.8,,,,,,,,
South Sudan,2014,15.9,,,,,,,,
Nepal,2014,15.4,,,,,,,,
Iraq,2014,13.2,,,,,,,,
The Gambia,2014,16.5,,,,,,,,
Zimbabwe,2014,16.3,,,,,,,,
Lesotho,2014,11.0,,,,,,,,
Mauritania,2014,10.7,,,,,,,,
Turkmenistan,2014,12.2,,,,,,,,
Bangladesh,2014,13.9,,,,,,,,
Timor-Leste,2014,11.3,,,,,,,,
Kiribati,2014,12.3,,,,,,,,
Angola,2014,10.2,,,,,,,,
Haiti,2014,11.4,,,,,,,,
Djibouti,2014,10.7,,,,,,,,
Ethiopia,2014,7.7,,,,,,,,
Burkina Faso,2014,9.4,,,,,,,,
Mali,2014,7.0,,,,,,,,
Solomon Islands,2014,9.0,,,,,,,,
Malawi,2014,5.8,,,,,,,,
Mozambique,2014,5.9,,,,,,,,
Afghanistan,2014,7.0,,,,,,,,
Papua New Guinea,2014,6.5,,,,,,,,
Congo,2014,7.1,,,,,,,,
Comoros,2014,7.0,,,,,,,,
Togo,2014,5.7,,,,,,,,
Benin,2014,6.0,,,,,,,,
Liberia,2014,5.4,,,,,,,,
Tanzania,2014,4.9,,,,,,,,
Burundi,2014,1.4,,,,,,,,
Guinea,2014,1.7,,,,,,,,
Central African Republic,2014,4.0,,,,,,,,
Madagascar,2014,3.7,,,,,,,,
Dem. Rep. Congo,2014,3.0,,,,,,,,
Guinea-Bissau,2014,3.3,,,,,,,,
Chad,2014,2.5,,,,,,,,
Sierra Leone,2014,2.1,,,,,,,,
Niger,2014,2.0,,,,,,,,
Somalia,2014,1.6,,,,,,,,
Eritrea,2014,1.0,,,,,,,,
Dem. People's Rep. Korea,2014,,,,,,,,,
Nauru,2014,,,,,,,,,
San Marino,2014,,,,,,,,,
Palau,2014,,,,,,,,,
Iceland,2015,98.2,,,,,,,,
Luxembourg,2015,97.3,,,,,,,,
Andorra,2015,96.9,,,,,,,,
Norway,2015,96.8,,,,,,,,
Liechtenstein,2015,96.6,,,,,,,,
Denmark,2015,96.3,,,,,,,,
Bahrain,2015,93.5,,,,,,,,
Monaco,2015,93.4,,,,,,,,
Japan,2015,93.3,,,,,,,,
Netherlands,2015,93.1,,,,,,,,
Qatar,2015,92.9,,,,,,,,
Finland,2015,92.7,,,,,,,,
United Kingdom,2015,92.0,,,,,,,,
United Arab Emirates,2015,91.2,,,,,,,,
Sweden,2015,90.6,,,,,,,,
Korea,2015,89.9,,,,,,,,
Canada,2015,88.5,,,,,,,,
Estonia,2015,88.4,,,,,,,,
New Zealand,2015,88.2,,,,,,,,
Switzerland,2015,88.0,,,,,,,,
Germany,2015,87.6,,,,,,,,
Belgium,2015,85.1,,,,,,,,
Slovak Republic,2015,85.0,,,,,,,,
"Hong Kong SAR, China",2015,84.9,,,,,,,,
France,2015,84.7,,,,,,,,
Australia,2015,84.6,,,,,,,,
Austria,2015,83.9,,,,,,,,
Singapore,2015,82.1,,,,,,,,
Kuwait,2015,82.1,,,,,,,,
Czech Republic,2015,81.3,,,,,,,,
Ireland,2015,80.1,,,,,,,,
Latvia,2015,79.2,,,,,,,,
Israel,2015,78.9,,,,,,,,
Spain,2015,78.7,,,,,,,,
The Bahamas,2015,78.0,,,,,,,,
"Macao SAR, China",2015,77.6,,,,,,,,
Azerbaijan,2015,77.0,,,,,,,,
Malta,2015,76.2,,,,,,,,
Barbados,2015,76.1,,,,,,,,
St. Kitts and Nevis,2015,75.7,,,,,,,,
United States,2015,74.6,,,,,,,,
Oman,2015,74.2,,,,,,,,
Lebanon,2015,74.0,,,,,,,,
Russia,2015,73.4,,,,,,,,
Slovenia,2015,73.1,,,,,,,,
Kazakhstan,2015,72.9,,,,,,,,
Hungary,2015,72.8,,,,,,,,
Cyprus,2015,71.7,,,,,,,,
Lithuania,2015,71.4,,,,,,,,
Brunei,2015,71.2,,,,,,,,
Malaysia,2015,71.1,,,,,,,,
Macedonia,2015,70.4,,,,,,,,
Croatia,2015,69.8,,,,,,,,
Saudi Arabia,2015,69.6,,,,,,,,
Argentina,2015,69.4,,,,,,,,
Trinidad and Tobago,2015,69.2,,,,,,,,
Portugal,2015,68.6,,,,,,,,
Poland,2015,68.0,,,,,,,,
Dominica,2015,67.6,,,,,,,,
Greece,2015,66.8,,,,,,,,
Italy,2015,65.6,,,,,,,,
Serbia,2015,65.3,,,,,,,,
Antigua and Barbuda,2015,65.2,,,,,,,,
Bosnia and Herzegovina,2015,65.1,,,,,,,,
Uruguay,2015,64.6,,,,,,,,
Montenegro,2015,64.6,,,,,,,,
Chile,2015,64.3,,,,,,,,
Albania,2015,63.3,,,,,,,,
Belarus,2015,62.2,,,,,,,,
Venezuela,2015,61.9,,,,,,,,
Costa Rica,2015,59.8,,,,,,,,
Brazil,2015,59.1,,,,,,,,
Armenia,2015,58.2,,,,,,,,
Seychelles,2015,58.1,,,,,,,,
Mexico,2015,57.4,,,,,,,,
West Bank and Gaza,2015,57.4,,,,,,,,
Morocco,2015,57.1,,,,,,,,
Bulgaria,2015,56.7,,,,,,,,
Colombia,2015,55.9,,,,,,,,
Romania,2015,55.8,,,,,,,,
Maldives,2015,54.5,,,,,,,,
Grenada,2015,53.8,,,,,,,,
Turkey,2015,53.7,,,,,,,,
Jordan,2015,53.4,,,,,,,,
Vietnam,2015,52.7,,,,,,,,
St. Lucia,2015,52.4,,,,,,,,
Dominican Republic,2015,51.9,,,,,,,,
South Africa,2015,51.9,,,,,,,,
St. Vincent and the Grenadines,2015,51.8,,,,,,,,
Panama,2015,51.2,,,,,,,,
China,2015,50.3,,,,,,,,
Mauritius,2015,50.1,,,,,,,,
Moldova,2015,49.8,,,,,,,,
Ukraine,2015,49.3,,,,,,,,
Ecuador,2015,48.9,,,,,,,,
Tunisia,2015,48.5,,,,,,,,
Nigeria,2015,47.4,,,,,,,,
Fiji,2015,46.3,,,,,,,,
Kenya,2015,45.6,,,,,,,,
Georgia,2015,45.2,,,,,,,,
Bolivia,2015,45.1,,,,,,,,
Tonga,2015,45.0,,,,,,,,
Paraguay,2015,44.4,,,,,,,,
Iran,2015,44.1,,,,,,,,
Jamaica,2015,43.2,,,,,,,,
Cabo Verde,2015,43.0,,,,,,,,
Uzbekistan,2015,42.8,,,,,,,,
Suriname,2015,42.8,,,,,,,,
Tuvalu,2015,42.7,,,,,,,,
Belize,2015,41.6,,,,,,,,
Peru,2015,40.9,,,,,,,,
Philippines,2015,40.7,,,,,,,,
Bhutan,2015,39.8,,,,,,,,
Thailand,2015,39.3,,,,,,,,
Guyana,2015,38.2,,,,,,,,
Algeria,2015,38.2,,,,,,,,
Egypt,2015,35.9,,,,,,,,
Micronesia,2015,31.5,,,,,,,,
Cuba,2015,31.1,,,,,,,,
Swaziland,2015,30.4,,,,,,,,
Kyrgyz Republic,2015,30.2,,,,,,,,
Sri Lanka,2015,30.0,,,,,,,,
Syrian Arab Republic,2015,30.0,,,,,,,,
Botswana,2015,27.5,,,,,,,,
Guatemala,2015,27.1,,,,,,,,
El Salvador,2015,26.9,,,,,,,,
Sudan,2015,26.6,,,,,,,,
India,2015,26.0,,,,,,,,
São Tomé and Principe,2015,25.8,,,,,,,,
Samoa,2015,25.4,,,,,,,,
Yemen,2015,25.1,,,,,,,,
Gabon,2015,23.5,,,,,,,,
Ghana,2015,23.5,,,,,,,,
Vanuatu,2015,22.4,,,,,,,,
Namibia,2015,22.3,,,,,,,,
Indonesia,2015,22.0,,,,,,,,
Myanmar,2015,21.8,,,,,,,,
Senegal,2015,21.7,,,,,,,,
Mongolia,2015,21.4,,,,,,,,
Equatorial Guinea,2015,21.3,,,,,,,,
Zambia,2015,21.0,,,,,,,,
Côte d'Ivoire,2015,21.0,,,,,,,,
Cameroon,2015,20.7,,,,,,,,
Honduras,2015,20.4,,,,,,,,
Nicaragua,2015,19.7,,,,,,,,
Marshall Islands,2015,19.3,,,,,,,,
Uganda,2015,19.2,,,,,,,,
Libya,2015,19.0,,,,,,,,
Cambodia,2015,19.0,,,,,,,,
Tajikistan,2015,19.0,,,,,,,,
Lao PDR,2015,18.2,,,,,,,,
Rwanda,2015,18.0,,,,,,,,
Pakistan,2015,18.0,,,,,,,,
South Sudan,2015,17.9,,,,,,,,
Nepal,2015,17.6,,,,,,,,
Iraq,2015,17.2,,,,,,,,
The Gambia,2015,17.1,,,,,,,,
Zimbabwe,2015,16.4,,,,,,,,
Lesotho,2015,16.1,,,,,,,,
Mauritania,2015,15.2,,,,,,,,
Turkmenistan,2015,15.0,,,,,,,,
Bangladesh,2015,14.4,,,,,,,,
Timor-Leste,2015,13.4,,,,,,,,
Kiribati,2015,13.0,,,,,,,,
Angola,2015,12.4,,,,,,,,
Haiti,2015,12.2,,,,,,,,
Djibouti,2015,11.9,,,,,,,,
Ethiopia,2015,11.6,,,,,,,,
Burkina Faso,2015,11.4,,,,,,,,
Mali,2015,10.3,,,,,,,,
Solomon Islands,2015,10.0,,,,,,,,
Malawi,2015,9.3,,,,,,,,
Mozambique,2015,9.0,,,,,,,,
Afghanistan,2015,8.3,,,,,,,,
Papua New Guinea,2015,7.9,,,,,,,,
Congo,2015,7.6,,,,,,,,
Comoros,2015,7.5,,,,,,,,
Togo,2015,7.1,,,,,,,,
Benin,2015,6.8,,,,,,,,
Liberia,2015,5.9,,,,,,,,
Tanzania,2015,5.4,,,,,,,,
Burundi,2015,4.9,,,,,,,,
Guinea,2015,4.7,,,,,,,,
Central African Republic,2015,4.6,,,,,,,,
Madagascar,2015,4.2,,,,,,,,
Dem. Rep. Congo,2015,3.8,,,,,,,,
Guinea-Bissau,2015,3.5,,,,,,,,
Chad,2015,2.7,,,,,,,,
Sierra Leone,2015,2.5,,,,,,,,
Niger,2015,2.2,,,,,,,,
Somalia,2015,1.8,,,,,,,,
Eritrea,2015,1.1,,,,,,,,
Dem. People's Rep. Korea,2015,,,,,,,,,
Nauru,2015,,,,,,,,,
San Marino,2015,,,,,,,,,
Palau,2015,,,,,,,,,